{
    "filters": {
        "season": "2022"
    },
    "area": {
        "id": 2072,
        "name": "England",
        "code": "ENG",
        "flag": "https://crests.football-data.org/770.svg"
    },
    "competition": {
        "id": 2021,
        "name": "Premier League",
        "code": "PL",
        "type": "LEAGUE",
        "emblem": "https://crests.football-data.org/PL.png"
    },
    "season": {
        "id": 1490,
        "startDate": "2022-08-05",
        "endDate": "2023-05-28",
        "currentMatchday": 16,
        "winner": null
    },
    "standings": [
        {
            "stage": "REGULAR_SEASON",
            "type": "TOTAL",
            "group": null,
            "table": [
                {
                    "position": 1,
                    "team": {
                        "id": 57,
                        "name": "Arsenal FC",
                        "shortName": "Arsenal",
                        "tla": "ARS",
                        "crest": "https://crests.football-data.org/57.png"
                    },
                    "playedGames": 14,
                    "form": "W,W,W,D,W",
                    "won": 12,
                    "draw": 1,
                    "lost": 1,
                    "points": 37,
                    "goalsFor": 33,
                    "goalsAgainst": 11,
                    "goalDifference": 22
                },
                {
                    "position": 2,
                    "team": {
                        "id": 65,
                        "name": "Manchester City FC",
                        "shortName": "Man City",
                        "tla": "MCI",
                        "crest": "https://crests.football-data.org/65.png"
                    },
                    "playedGames": 14,
                    "form": "L,W,W,W,L",
                    "won": 10,
                    "draw": 2,
                    "lost": 2,
                    "points": 32,
                    "goalsFor": 40,
                    "goalsAgainst": 14,
                    "goalDifference": 26
                },
                {
                    "position": 3,
                    "team": {
                        "id": 67,
                        "name": "Newcastle United FC",
                        "shortName": "Newcastle",
                        "tla": "NEW",
                        "crest": "https://crests.football-data.org/67.png"
                    },
                    "playedGames": 15,
                    "form": "W,W,W,W,W",
                    "won": 8,
                    "draw": 6,
                    "lost": 1,
                    "points": 30,
                    "goalsFor": 29,
                    "goalsAgainst": 11,
                    "goalDifference": 18
                },
                {
                    "position": 4,
                    "team": {
                        "id": 73,
                        "name": "Tottenham Hotspur FC",
                        "shortName": "Tottenham",
                        "tla": "TOT",
                        "crest": "https://crests.football-data.org/73.svg"
                    },
                    "playedGames": 15,
                    "form": "W,L,W,L,L",
                    "won": 9,
                    "draw": 2,
                    "lost": 4,
                    "points": 29,
                    "goalsFor": 31,
                    "goalsAgainst": 21,
                    "goalDifference": 10
                },
                {
                    "position": 5,
                    "team": {
                        "id": 66,
                        "name": "Manchester United FC",
                        "shortName": "Man United",
                        "tla": "MUN",
                        "crest": "https://crests.football-data.org/66.png"
                    },
                    "playedGames": 14,
                    "form": "W,L,W,D,W",
                    "won": 8,
                    "draw": 2,
                    "lost": 4,
                    "points": 26,
                    "goalsFor": 20,
                    "goalsAgainst": 20,
                    "goalDifference": 0
                },
                {
                    "position": 6,
                    "team": {
                        "id": 64,
                        "name": "Liverpool FC",
                        "shortName": "Liverpool",
                        "tla": "LIV",
                        "crest": "https://crests.football-data.org/64.png"
                    },
                    "playedGames": 14,
                    "form": "W,W,L,L,W",
                    "won": 6,
                    "draw": 4,
                    "lost": 4,
                    "points": 22,
                    "goalsFor": 28,
                    "goalsAgainst": 17,
                    "goalDifference": 11
                },
                {
                    "position": 7,
                    "team": {
                        "id": 397,
                        "name": "Brighton & Hove Albion FC",
                        "shortName": "Brighton Hove",
                        "tla": "BHA",
                        "crest": "https://crests.football-data.org/397.svg"
                    },
                    "playedGames": 14,
                    "form": "L,W,W,L,D",
                    "won": 6,
                    "draw": 3,
                    "lost": 5,
                    "points": 21,
                    "goalsFor": 23,
                    "goalsAgainst": 19,
                    "goalDifference": 4
                },
                {
                    "position": 8,
                    "team": {
                        "id": 61,
                        "name": "Chelsea FC",
                        "shortName": "Chelsea",
                        "tla": "CHE",
                        "crest": "https://crests.football-data.org/61.png"
                    },
                    "playedGames": 14,
                    "form": "L,L,L,D,D",
                    "won": 6,
                    "draw": 3,
                    "lost": 5,
                    "points": 21,
                    "goalsFor": 17,
                    "goalsAgainst": 17,
                    "goalDifference": 0
                },
                {
                    "position": 9,
                    "team": {
                        "id": 63,
                        "name": "Fulham FC",
                        "shortName": "Fulham",
                        "tla": "FUL",
                        "crest": "https://crests.football-data.org/63.svg"
                    },
                    "playedGames": 15,
                    "form": "L,L,D,W,W",
                    "won": 5,
                    "draw": 4,
                    "lost": 6,
                    "points": 19,
                    "goalsFor": 24,
                    "goalsAgainst": 26,
                    "goalDifference": -2
                },
                {
                    "position": 10,
                    "team": {
                        "id": 402,
                        "name": "Brentford FC",
                        "shortName": "Brentford",
                        "tla": "BRE",
                        "crest": "https://crests.football-data.org/402.png"
                    },
                    "playedGames": 15,
                    "form": "W,D,D,L,D",
                    "won": 4,
                    "draw": 7,
                    "lost": 4,
                    "points": 19,
                    "goalsFor": 23,
                    "goalsAgainst": 25,
                    "goalDifference": -2
                },
                {
                    "position": 11,
                    "team": {
                        "id": 354,
                        "name": "Crystal Palace FC",
                        "shortName": "Crystal Palace",
                        "tla": "CRY",
                        "crest": "https://crests.football-data.org/354.png"
                    },
                    "playedGames": 14,
                    "form": "L,W,W,L,W",
                    "won": 5,
                    "draw": 4,
                    "lost": 5,
                    "points": 19,
                    "goalsFor": 15,
                    "goalsAgainst": 18,
                    "goalDifference": -3
                },
                {
                    "position": 12,
                    "team": {
                        "id": 58,
                        "name": "Aston Villa FC",
                        "shortName": "Aston Villa",
                        "tla": "AVL",
                        "crest": "https://crests.football-data.org/58.png"
                    },
                    "playedGames": 15,
                    "form": "W,W,L,W,L",
                    "won": 5,
                    "draw": 3,
                    "lost": 7,
                    "points": 18,
                    "goalsFor": 16,
                    "goalsAgainst": 22,
                    "goalDifference": -6
                },
                {
                    "position": 13,
                    "team": {
                        "id": 338,
                        "name": "Leicester City FC",
                        "shortName": "Leicester City",
                        "tla": "LEI",
                        "crest": "https://crests.football-data.org/338.png"
                    },
                    "playedGames": 15,
                    "form": "W,W,L,W,W",
                    "won": 5,
                    "draw": 2,
                    "lost": 8,
                    "points": 17,
                    "goalsFor": 25,
                    "goalsAgainst": 25,
                    "goalDifference": 0
                },
                {
                    "position": 14,
                    "team": {
                        "id": 1044,
                        "name": "AFC Bournemouth",
                        "shortName": "Bournemouth",
                        "tla": "BOU",
                        "crest": "https://crests.football-data.org/1044.png"
                    },
                    "playedGames": 15,
                    "form": "W,L,L,L,L",
                    "won": 4,
                    "draw": 4,
                    "lost": 7,
                    "points": 16,
                    "goalsFor": 18,
                    "goalsAgainst": 32,
                    "goalDifference": -14
                },
                {
                    "position": 15,
                    "team": {
                        "id": 341,
                        "name": "Leeds United FC",
                        "shortName": "Leeds United",
                        "tla": "LEE",
                        "crest": "https://crests.football-data.org/341.png"
                    },
                    "playedGames": 14,
                    "form": "L,W,W,L,L",
                    "won": 4,
                    "draw": 3,
                    "lost": 7,
                    "points": 15,
                    "goalsFor": 22,
                    "goalsAgainst": 26,
                    "goalDifference": -4
                },
                {
                    "position": 16,
                    "team": {
                        "id": 563,
                        "name": "West Ham United FC",
                        "shortName": "West Ham",
                        "tla": "WHU",
                        "crest": "https://crests.football-data.org/563.png"
                    },
                    "playedGames": 15,
                    "form": "L,L,L,W,L",
                    "won": 4,
                    "draw": 2,
                    "lost": 9,
                    "points": 14,
                    "goalsFor": 12,
                    "goalsAgainst": 17,
                    "goalDifference": -5
                },
                {
                    "position": 17,
                    "team": {
                        "id": 62,
                        "name": "Everton FC",
                        "shortName": "Everton",
                        "tla": "EVE",
                        "crest": "https://crests.football-data.org/62.png"
                    },
                    "playedGames": 15,
                    "form": "L,L,D,W,L",
                    "won": 3,
                    "draw": 5,
                    "lost": 7,
                    "points": 14,
                    "goalsFor": 11,
                    "goalsAgainst": 17,
                    "goalDifference": -6
                },
                {
                    "position": 18,
                    "team": {
                        "id": 351,
                        "name": "Nottingham Forest FC",
                        "shortName": "Nottingham",
                        "tla": "NOT",
                        "crest": "https://crests.football-data.org/351.png"
                    },
                    "playedGames": 15,
                    "form": "W,D,L,W,D",
                    "won": 3,
                    "draw": 4,
                    "lost": 8,
                    "points": 13,
                    "goalsFor": 11,
                    "goalsAgainst": 30,
                    "goalDifference": -19
                },
                {
                    "position": 19,
                    "team": {
                        "id": 340,
                        "name": "Southampton FC",
                        "shortName": "Southampton",
                        "tla": "SOU",
                        "crest": "https://crests.football-data.org/340.png"
                    },
                    "playedGames": 15,
                    "form": "L,L,L,D,W",
                    "won": 3,
                    "draw": 3,
                    "lost": 9,
                    "points": 12,
                    "goalsFor": 13,
                    "goalsAgainst": 27,
                    "goalDifference": -14
                },
                {
                    "position": 20,
                    "team": {
                        "id": 76,
                        "name": "Wolverhampton Wanderers FC",
                        "shortName": "Wolverhampton",
                        "tla": "WOL",
                        "crest": "https://crests.football-data.org/76.svg"
                    },
                    "playedGames": 15,
                    "form": "L,L,D,L,L",
                    "won": 2,
                    "draw": 4,
                    "lost": 9,
                    "points": 10,
                    "goalsFor": 8,
                    "goalsAgainst": 24,
                    "goalDifference": -16
                }
            ]
        },
        {
            "stage": "REGULAR_SEASON",
            "type": "HOME",
            "group": null,
            "table": [
                {
                    "position": 1,
                    "team": {
                        "id": 65,
                        "name": "Manchester City FC",
                        "shortName": "Man City",
                        "tla": "MCI",
                        "crest": "https://crests.football-data.org/65.png"
                    },
                    "playedGames": 8,
                    "form": "",
                    "won": 7,
                    "draw": 0,
                    "lost": 1,
                    "points": 21,
                    "goalsFor": 30,
                    "goalsAgainst": 9,
                    "goalDifference": 21
                },
                {
                    "position": 2,
                    "team": {
                        "id": 57,
                        "name": "Arsenal FC",
                        "shortName": "Arsenal",
                        "tla": "ARS",
                        "crest": "https://crests.football-data.org/57.png"
                    },
                    "playedGames": 6,
                    "form": "",
                    "won": 6,
                    "draw": 0,
                    "lost": 0,
                    "points": 18,
                    "goalsFor": 19,
                    "goalsAgainst": 7,
                    "goalDifference": 12
                },
                {
                    "position": 3,
                    "team": {
                        "id": 67,
                        "name": "Newcastle United FC",
                        "shortName": "Newcastle",
                        "tla": "NEW",
                        "crest": "https://crests.football-data.org/67.png"
                    },
                    "playedGames": 8,
                    "form": "",
                    "won": 5,
                    "draw": 3,
                    "lost": 0,
                    "points": 18,
                    "goalsFor": 17,
                    "goalsAgainst": 5,
                    "goalDifference": 12
                },
                {
                    "position": 4,
                    "team": {
                        "id": 73,
                        "name": "Tottenham Hotspur FC",
                        "shortName": "Tottenham",
                        "tla": "TOT",
                        "crest": "https://crests.football-data.org/73.svg"
                    },
                    "playedGames": 8,
                    "form": "",
                    "won": 6,
                    "draw": 0,
                    "lost": 2,
                    "points": 18,
                    "goalsFor": 21,
                    "goalsAgainst": 11,
                    "goalDifference": 10
                },
                {
                    "position": 5,
                    "team": {
                        "id": 64,
                        "name": "Liverpool FC",
                        "shortName": "Liverpool",
                        "tla": "LIV",
                        "crest": "https://crests.football-data.org/64.png"
                    },
                    "playedGames": 8,
                    "form": "",
                    "won": 5,
                    "draw": 2,
                    "lost": 1,
                    "points": 17,
                    "goalsFor": 21,
                    "goalsAgainst": 8,
                    "goalDifference": 13
                },
                {
                    "position": 6,
                    "team": {
                        "id": 58,
                        "name": "Aston Villa FC",
                        "shortName": "Aston Villa",
                        "tla": "AVL",
                        "crest": "https://crests.football-data.org/58.png"
                    },
                    "playedGames": 7,
                    "form": "",
                    "won": 4,
                    "draw": 1,
                    "lost": 2,
                    "points": 13,
                    "goalsFor": 11,
                    "goalsAgainst": 6,
                    "goalDifference": 5
                },
                {
                    "position": 7,
                    "team": {
                        "id": 66,
                        "name": "Manchester United FC",
                        "shortName": "Man United",
                        "tla": "MUN",
                        "crest": "https://crests.football-data.org/66.png"
                    },
                    "playedGames": 6,
                    "form": "",
                    "won": 4,
                    "draw": 1,
                    "lost": 1,
                    "points": 13,
                    "goalsFor": 9,
                    "goalsAgainst": 4,
                    "goalDifference": 5
                },
                {
                    "position": 8,
                    "team": {
                        "id": 354,
                        "name": "Crystal Palace FC",
                        "shortName": "Crystal Palace",
                        "tla": "CRY",
                        "crest": "https://crests.football-data.org/354.png"
                    },
                    "playedGames": 7,
                    "form": "",
                    "won": 4,
                    "draw": 1,
                    "lost": 2,
                    "points": 13,
                    "goalsFor": 10,
                    "goalsAgainst": 8,
                    "goalDifference": 2
                },
                {
                    "position": 9,
                    "team": {
                        "id": 402,
                        "name": "Brentford FC",
                        "shortName": "Brentford",
                        "tla": "BRE",
                        "crest": "https://crests.football-data.org/402.png"
                    },
                    "playedGames": 7,
                    "form": "",
                    "won": 3,
                    "draw": 3,
                    "lost": 1,
                    "points": 12,
                    "goalsFor": 13,
                    "goalsAgainst": 7,
                    "goalDifference": 6
                },
                {
                    "position": 10,
                    "team": {
                        "id": 63,
                        "name": "Fulham FC",
                        "shortName": "Fulham",
                        "tla": "FUL",
                        "crest": "https://crests.football-data.org/63.svg"
                    },
                    "playedGames": 8,
                    "form": "",
                    "won": 3,
                    "draw": 3,
                    "lost": 2,
                    "points": 12,
                    "goalsFor": 14,
                    "goalsAgainst": 13,
                    "goalDifference": 1
                },
                {
                    "position": 11,
                    "team": {
                        "id": 397,
                        "name": "Brighton & Hove Albion FC",
                        "shortName": "Brighton Hove",
                        "tla": "BHA",
                        "crest": "https://crests.football-data.org/397.svg"
                    },
                    "playedGames": 7,
                    "form": "",
                    "won": 3,
                    "draw": 2,
                    "lost": 2,
                    "points": 11,
                    "goalsFor": 11,
                    "goalsAgainst": 6,
                    "goalDifference": 5
                },
                {
                    "position": 12,
                    "team": {
                        "id": 61,
                        "name": "Chelsea FC",
                        "shortName": "Chelsea",
                        "tla": "CHE",
                        "crest": "https://crests.football-data.org/61.png"
                    },
                    "playedGames": 6,
                    "form": "",
                    "won": 3,
                    "draw": 2,
                    "lost": 1,
                    "points": 11,
                    "goalsFor": 10,
                    "goalsAgainst": 6,
                    "goalDifference": 4
                },
                {
                    "position": 13,
                    "team": {
                        "id": 341,
                        "name": "Leeds United FC",
                        "shortName": "Leeds United",
                        "tla": "LEE",
                        "crest": "https://crests.football-data.org/341.png"
                    },
                    "playedGames": 7,
                    "form": "",
                    "won": 3,
                    "draw": 2,
                    "lost": 2,
                    "points": 11,
                    "goalsFor": 12,
                    "goalsAgainst": 9,
                    "goalDifference": 3
                },
                {
                    "position": 14,
                    "team": {
                        "id": 1044,
                        "name": "AFC Bournemouth",
                        "shortName": "Bournemouth",
                        "tla": "BOU",
                        "crest": "https://crests.football-data.org/1044.png"
                    },
                    "playedGames": 8,
                    "form": "",
                    "won": 3,
                    "draw": 2,
                    "lost": 3,
                    "points": 11,
                    "goalsFor": 9,
                    "goalsAgainst": 8,
                    "goalDifference": 1
                },
                {
                    "position": 15,
                    "team": {
                        "id": 351,
                        "name": "Nottingham Forest FC",
                        "shortName": "Nottingham",
                        "tla": "NOT",
                        "crest": "https://crests.football-data.org/351.png"
                    },
                    "playedGames": 8,
                    "form": "",
                    "won": 3,
                    "draw": 2,
                    "lost": 3,
                    "points": 11,
                    "goalsFor": 10,
                    "goalsAgainst": 11,
                    "goalDifference": -1
                },
                {
                    "position": 16,
                    "team": {
                        "id": 563,
                        "name": "West Ham United FC",
                        "shortName": "West Ham",
                        "tla": "WHU",
                        "crest": "https://crests.football-data.org/563.png"
                    },
                    "playedGames": 8,
                    "form": "",
                    "won": 3,
                    "draw": 1,
                    "lost": 4,
                    "points": 10,
                    "goalsFor": 9,
                    "goalsAgainst": 10,
                    "goalDifference": -1
                },
                {
                    "position": 17,
                    "team": {
                        "id": 338,
                        "name": "Leicester City FC",
                        "shortName": "Leicester City",
                        "tla": "LEI",
                        "crest": "https://crests.football-data.org/338.png"
                    },
                    "playedGames": 7,
                    "form": "",
                    "won": 2,
                    "draw": 2,
                    "lost": 3,
                    "points": 8,
                    "goalsFor": 9,
                    "goalsAgainst": 6,
                    "goalDifference": 3
                },
                {
                    "position": 18,
                    "team": {
                        "id": 62,
                        "name": "Everton FC",
                        "shortName": "Everton",
                        "tla": "EVE",
                        "crest": "https://crests.football-data.org/62.png"
                    },
                    "playedGames": 7,
                    "form": "",
                    "won": 2,
                    "draw": 2,
                    "lost": 3,
                    "points": 8,
                    "goalsFor": 6,
                    "goalsAgainst": 6,
                    "goalDifference": 0
                },
                {
                    "position": 19,
                    "team": {
                        "id": 76,
                        "name": "Wolverhampton Wanderers FC",
                        "shortName": "Wolverhampton",
                        "tla": "WOL",
                        "crest": "https://crests.football-data.org/76.svg"
                    },
                    "playedGames": 8,
                    "form": "",
                    "won": 2,
                    "draw": 2,
                    "lost": 4,
                    "points": 8,
                    "goalsFor": 5,
                    "goalsAgainst": 13,
                    "goalDifference": -8
                },
                {
                    "position": 20,
                    "team": {
                        "id": 340,
                        "name": "Southampton FC",
                        "shortName": "Southampton",
                        "tla": "SOU",
                        "crest": "https://crests.football-data.org/340.png"
                    },
                    "playedGames": 7,
                    "form": "",
                    "won": 1,
                    "draw": 3,
                    "lost": 3,
                    "points": 6,
                    "goalsFor": 8,
                    "goalsAgainst": 12,
                    "goalDifference": -4
                }
            ]
        },
        {
            "stage": "REGULAR_SEASON",
            "type": "AWAY",
            "group": null,
            "table": [
                {
                    "position": 1,
                    "team": {
                        "id": 57,
                        "name": "Arsenal FC",
                        "shortName": "Arsenal",
                        "tla": "ARS",
                        "crest": "https://crests.football-data.org/57.png"
                    },
                    "playedGames": 8,
                    "form": "",
                    "won": 6,
                    "draw": 1,
                    "lost": 1,
                    "points": 19,
                    "goalsFor": 14,
                    "goalsAgainst": 4,
                    "goalDifference": 10
                },
                {
                    "position": 2,
                    "team": {
                        "id": 66,
                        "name": "Manchester United FC",
                        "shortName": "Man United",
                        "tla": "MUN",
                        "crest": "https://crests.football-data.org/66.png"
                    },
                    "playedGames": 8,
                    "form": "",
                    "won": 4,
                    "draw": 1,
                    "lost": 3,
                    "points": 13,
                    "goalsFor": 11,
                    "goalsAgainst": 16,
                    "goalDifference": -5
                },
                {
                    "position": 3,
                    "team": {
                        "id": 67,
                        "name": "Newcastle United FC",
                        "shortName": "Newcastle",
                        "tla": "NEW",
                        "crest": "https://crests.football-data.org/67.png"
                    },
                    "playedGames": 7,
                    "form": "",
                    "won": 3,
                    "draw": 3,
                    "lost": 1,
                    "points": 12,
                    "goalsFor": 12,
                    "goalsAgainst": 6,
                    "goalDifference": 6
                },
                {
                    "position": 4,
                    "team": {
                        "id": 65,
                        "name": "Manchester City FC",
                        "shortName": "Man City",
                        "tla": "MCI",
                        "crest": "https://crests.football-data.org/65.png"
                    },
                    "playedGames": 6,
                    "form": "",
                    "won": 3,
                    "draw": 2,
                    "lost": 1,
                    "points": 11,
                    "goalsFor": 10,
                    "goalsAgainst": 5,
                    "goalDifference": 5
                },
                {
                    "position": 5,
                    "team": {
                        "id": 73,
                        "name": "Tottenham Hotspur FC",
                        "shortName": "Tottenham",
                        "tla": "TOT",
                        "crest": "https://crests.football-data.org/73.svg"
                    },
                    "playedGames": 7,
                    "form": "",
                    "won": 3,
                    "draw": 2,
                    "lost": 2,
                    "points": 11,
                    "goalsFor": 10,
                    "goalsAgainst": 10,
                    "goalDifference": 0
                },
                {
                    "position": 6,
                    "team": {
                        "id": 397,
                        "name": "Brighton & Hove Albion FC",
                        "shortName": "Brighton Hove",
                        "tla": "BHA",
                        "crest": "https://crests.football-data.org/397.svg"
                    },
                    "playedGames": 7,
                    "form": "",
                    "won": 3,
                    "draw": 1,
                    "lost": 3,
                    "points": 10,
                    "goalsFor": 12,
                    "goalsAgainst": 13,
                    "goalDifference": -1
                },
                {
                    "position": 7,
                    "team": {
                        "id": 61,
                        "name": "Chelsea FC",
                        "shortName": "Chelsea",
                        "tla": "CHE",
                        "crest": "https://crests.football-data.org/61.png"
                    },
                    "playedGames": 8,
                    "form": "",
                    "won": 3,
                    "draw": 1,
                    "lost": 4,
                    "points": 10,
                    "goalsFor": 7,
                    "goalsAgainst": 11,
                    "goalDifference": -4
                },
                {
                    "position": 8,
                    "team": {
                        "id": 338,
                        "name": "Leicester City FC",
                        "shortName": "Leicester City",
                        "tla": "LEI",
                        "crest": "https://crests.football-data.org/338.png"
                    },
                    "playedGames": 8,
                    "form": "",
                    "won": 3,
                    "draw": 0,
                    "lost": 5,
                    "points": 9,
                    "goalsFor": 16,
                    "goalsAgainst": 19,
                    "goalDifference": -3
                },
                {
                    "position": 9,
                    "team": {
                        "id": 63,
                        "name": "Fulham FC",
                        "shortName": "Fulham",
                        "tla": "FUL",
                        "crest": "https://crests.football-data.org/63.svg"
                    },
                    "playedGames": 7,
                    "form": "",
                    "won": 2,
                    "draw": 1,
                    "lost": 4,
                    "points": 7,
                    "goalsFor": 10,
                    "goalsAgainst": 13,
                    "goalDifference": -3
                },
                {
                    "position": 10,
                    "team": {
                        "id": 402,
                        "name": "Brentford FC",
                        "shortName": "Brentford",
                        "tla": "BRE",
                        "crest": "https://crests.football-data.org/402.png"
                    },
                    "playedGames": 8,
                    "form": "",
                    "won": 1,
                    "draw": 4,
                    "lost": 3,
                    "points": 7,
                    "goalsFor": 10,
                    "goalsAgainst": 18,
                    "goalDifference": -8
                },
                {
                    "position": 11,
                    "team": {
                        "id": 354,
                        "name": "Crystal Palace FC",
                        "shortName": "Crystal Palace",
                        "tla": "CRY",
                        "crest": "https://crests.football-data.org/354.png"
                    },
                    "playedGames": 7,
                    "form": "",
                    "won": 1,
                    "draw": 3,
                    "lost": 3,
                    "points": 6,
                    "goalsFor": 5,
                    "goalsAgainst": 10,
                    "goalDifference": -5
                },
                {
                    "position": 12,
                    "team": {
                        "id": 62,
                        "name": "Everton FC",
                        "shortName": "Everton",
                        "tla": "EVE",
                        "crest": "https://crests.football-data.org/62.png"
                    },
                    "playedGames": 8,
                    "form": "",
                    "won": 1,
                    "draw": 3,
                    "lost": 4,
                    "points": 6,
                    "goalsFor": 5,
                    "goalsAgainst": 11,
                    "goalDifference": -6
                },
                {
                    "position": 13,
                    "team": {
                        "id": 340,
                        "name": "Southampton FC",
                        "shortName": "Southampton",
                        "tla": "SOU",
                        "crest": "https://crests.football-data.org/340.png"
                    },
                    "playedGames": 8,
                    "form": "",
                    "won": 2,
                    "draw": 0,
                    "lost": 6,
                    "points": 6,
                    "goalsFor": 5,
                    "goalsAgainst": 15,
                    "goalDifference": -10
                },
                {
                    "position": 14,
                    "team": {
                        "id": 64,
                        "name": "Liverpool FC",
                        "shortName": "Liverpool",
                        "tla": "LIV",
                        "crest": "https://crests.football-data.org/64.png"
                    },
                    "playedGames": 6,
                    "form": "",
                    "won": 1,
                    "draw": 2,
                    "lost": 3,
                    "points": 5,
                    "goalsFor": 7,
                    "goalsAgainst": 9,
                    "goalDifference": -2
                },
                {
                    "position": 15,
                    "team": {
                        "id": 58,
                        "name": "Aston Villa FC",
                        "shortName": "Aston Villa",
                        "tla": "AVL",
                        "crest": "https://crests.football-data.org/58.png"
                    },
                    "playedGames": 8,
                    "form": "",
                    "won": 1,
                    "draw": 2,
                    "lost": 5,
                    "points": 5,
                    "goalsFor": 5,
                    "goalsAgainst": 16,
                    "goalDifference": -11
                },
                {
                    "position": 16,
                    "team": {
                        "id": 1044,
                        "name": "AFC Bournemouth",
                        "shortName": "Bournemouth",
                        "tla": "BOU",
                        "crest": "https://crests.football-data.org/1044.png"
                    },
                    "playedGames": 7,
                    "form": "",
                    "won": 1,
                    "draw": 2,
                    "lost": 4,
                    "points": 5,
                    "goalsFor": 9,
                    "goalsAgainst": 24,
                    "goalDifference": -15
                },
                {
                    "position": 17,
                    "team": {
                        "id": 563,
                        "name": "West Ham United FC",
                        "shortName": "West Ham",
                        "tla": "WHU",
                        "crest": "https://crests.football-data.org/563.png"
                    },
                    "playedGames": 7,
                    "form": "",
                    "won": 1,
                    "draw": 1,
                    "lost": 5,
                    "points": 4,
                    "goalsFor": 3,
                    "goalsAgainst": 7,
                    "goalDifference": -4
                },
                {
                    "position": 18,
                    "team": {
                        "id": 341,
                        "name": "Leeds United FC",
                        "shortName": "Leeds United",
                        "tla": "LEE",
                        "crest": "https://crests.football-data.org/341.png"
                    },
                    "playedGames": 7,
                    "form": "",
                    "won": 1,
                    "draw": 1,
                    "lost": 5,
                    "points": 4,
                    "goalsFor": 10,
                    "goalsAgainst": 17,
                    "goalDifference": -7
                },
                {
                    "position": 19,
                    "team": {
                        "id": 76,
                        "name": "Wolverhampton Wanderers FC",
                        "shortName": "Wolverhampton",
                        "tla": "WOL",
                        "crest": "https://crests.football-data.org/76.svg"
                    },
                    "playedGames": 7,
                    "form": "",
                    "won": 0,
                    "draw": 2,
                    "lost": 5,
                    "points": 2,
                    "goalsFor": 3,
                    "goalsAgainst": 11,
                    "goalDifference": -8
                },
                {
                    "position": 20,
                    "team": {
                        "id": 351,
                        "name": "Nottingham Forest FC",
                        "shortName": "Nottingham",
                        "tla": "NOT",
                        "crest": "https://crests.football-data.org/351.png"
                    },
                    "playedGames": 7,
                    "form": "",
                    "won": 0,
                    "draw": 2,
                    "lost": 5,
                    "points": 2,
                    "goalsFor": 1,
                    "goalsAgainst": 19,
                    "goalDifference": -18
                }
            ]
        }
    ]
}